{
    "rank_stats": [
        {
            "distcomps": [
                182662685,
                142942492,
                109243780,
                81424869,
                59073722,
                41707044,
                28702560,
                19351876
            ],
            "exchange_points_time": 5.157608855000035,
            "ghost_points_distcomps": 33692246,
            "ghost_points_time": 1.590960331000133,
            "num_assigned_trees": 625,
            "num_edges": [
                40966115,
                27224045,
                17481745,
                10790193,
                6382369,
                3590385,
                1925231,
                931021
            ],
            "num_ghost_points": 5451436,
            "query_times": [
                9.594408833000216,
                7.462187281999832,
                5.804788849000033,
                4.329425255999922,
                3.1652722369999537,
                2.251831682000102,
                1.5497298219997901,
                1.038892001000022
            ],
            "rebalance_times": [
                1.6000012692529708e-07,
                1.399998836859595e-07,
                2.3099983081920072e-07,
                8.000006346264854e-08,
                1.400003384333104e-07,
                2.100000529026147e-07,
                1.0000030670198612e-07,
                5.999982022331096e-08
            ],
            "tree_build_distcomps": 289681365,
            "tree_build_time": 14.78103698699988,
            "voronoi_distcomps": 363188263,
            "voronoi_time": 14.623588138999821
        },
        {
            "distcomps": [
                232230709,
                181791446,
                138896348,
                103350848,
                74748997,
                52523269,
                35866076,
                23920983
            ],
            "exchange_points_time": 5.5147261010001785,
            "ghost_points_distcomps": 51660276,
            "ghost_points_time": 2.4385025999999925,
            "num_assigned_trees": 625,
            "num_edges": [
                54530744,
                35967588,
                22803360,
                13857246,
                8035038,
                4401234,
                2288094,
                1078250
            ],
            "num_ghost_points": 8916801,
            "query_times": [
                12.071202380000159,
                9.41670386900023,
                7.2592705510001,
                5.448465464999572,
                3.9838197030003357,
                2.8089684299998225,
                1.9202662630000304,
                1.2733730669997385
            ],
            "rebalance_times": [
                2.2099993657320738e-07,
                3.0000137485330924e-08,
                3.0000137485330924e-08,
                3.0000137485330924e-08,
                3.099967216257937e-08,
                1.5100022210390307e-07,
                1.7000002117129043e-07,
                2.710003172978759e-07
            ],
            "tree_build_distcomps": 308512035,
            "tree_build_time": 15.678450184000212,
            "voronoi_distcomps": 363188263,
            "voronoi_time": 14.623559149000357
        },
        {
            "distcomps": [
                200576774,
                156823460,
                119725357,
                89074121,
                64427772,
                45275314,
                30948240,
                20691736
            ],
            "exchange_points_time": 5.423404307000055,
            "ghost_points_distcomps": 50396551,
            "ghost_points_time": 2.3753462770000624,
            "num_assigned_trees": 625,
            "num_edges": [
                45381919,
                29964533,
                19067429,
                11664085,
                6824229,
                3799453,
                2011925,
                960343
            ],
            "num_ghost_points": 8993480,
            "query_times": [
                10.511227688999952,
                8.164022965000186,
                6.283493284999622,
                4.715483585000129,
                3.4389967090000937,
                2.432313049000186,
                1.6605129160002434,
                1.105026892999831
            ],
            "rebalance_times": [
                1.399998836859595e-07,
                2.1999994714860804e-07,
                6.000027497066185e-08,
                6.999971446930431e-08,
                3.210002432751935e-07,
                9.999985195463523e-08,
                7.099970389390364e-08,
                4.9999925977317616e-08
            ],
            "tree_build_distcomps": 303153548,
            "tree_build_time": 15.457397754999874,
            "voronoi_distcomps": 363188263,
            "voronoi_time": 14.623589806999917
        },
        {
            "distcomps": [
                201140162,
                156833517,
                119411829,
                88587970,
                63947864,
                44908956,
                30700839,
                20553896
            ],
            "exchange_points_time": 5.572669080000196,
            "ghost_points_distcomps": 70942965,
            "ghost_points_time": 3.300983252000151,
            "num_assigned_trees": 625,
            "num_edges": [
                44886290,
                29631910,
                18856250,
                11526816,
                6744930,
                3749378,
                1984774,
                952572
            ],
            "num_ghost_points": 12321780,
            "query_times": [
                10.5172711539999,
                8.156649658000333,
                6.267693032999887,
                4.693637403000139,
                3.419430121000005,
                2.4114963500001068,
                1.651953543000218,
                1.0994237980003163
            ],
            "rebalance_times": [
                2.2099993657320738e-07,
                2.0000015865662135e-07,
                5.510000846697949e-07,
                1.9100025383522734e-07,
                1.200000951939728e-07,
                5.999982022331096e-08,
                3.0000137485330924e-08,
                3.099967216257937e-08
            ],
            "tree_build_distcomps": 296407047,
            "tree_build_time": 15.0470495200002,
            "voronoi_distcomps": 363188263,
            "voronoi_time": 14.623601838000013
        },
        {
            "distcomps": [
                201220993,
                157694134,
                120664231,
                89920532,
                65155194,
                45825779,
                31334017,
                20947177
            ],
            "exchange_points_time": 5.59147992599992,
            "ghost_points_distcomps": 74308474,
            "ghost_points_time": 3.4584852930001944,
            "num_assigned_trees": 625,
            "num_edges": [
                46365465,
                30742733,
                19604351,
                11963705,
                6964625,
                3846761,
                2020689,
                962687
            ],
            "num_ghost_points": 12799965,
            "query_times": [
                10.570440575999783,
                8.24317671200015,
                6.361699406000298,
                4.774563987999954,
                3.4917096469998796,
                2.4650222789996405,
                1.6893729420003183,
                1.1225459010001941
            ],
            "rebalance_times": [
                1.2999998943996616e-07,
                1.1000020094797947e-07,
                2.2100039132055826e-07,
                5.50999629922444e-07,
                2.2099993657320738e-07,
                2.100000529026147e-07,
                1.8999980966327712e-07,
                2.299998413946014e-07
            ],