{
    "rank_stats": [
        {
            "distcomps": [
                272620013,
                220222047,
                171842849,
                129180781,
                93301122,
                65179737,
                44743615,
                31129553
            ],
            "exchange_points_time": 6.358272559999932,
            "ghost_points_distcomps": 78979158,
            "ghost_points_time": 4.199273081999991,
            "num_assigned_trees": 625,
            "num_edges": [
                11055138,
                5962396,
                3252678,
                1782422,
                1227028,
                690174,
                536882,
                333674
            ],
            "num_ghost_points": 8390118,
            "query_times": [
                16.48169328300014,
                13.438124829000117,
                10.57769805299995,
                8.031712201000119,
                5.8544522390002385,
                4.111366549000195,
                2.8162476789998436,
                1.941642530000081
            ],
            "rebalance_times": [
                2.2099993657320738e-07,
                3.4000004234258085e-07,
                1.399998836859595e-07,
                2.3999973564059474e-07,
                2.0000015865662135e-07,
                3.010000000358559e-07,
                6.010000106471125e-07,
                2.9000011636526324e-07
            ],
            "tree_build_distcomps": 1400066755,
            "tree_build_time": 73.66461324400007,
            "voronoi_distcomps": 364750156,
            "voronoi_time": 16.67270137399987
        },
        {
            "distcomps": [
                231419602,
                187092530,
                146263110,
                110358819,
                80467579,
                57068688,
                39977833,
                28438174
            ],
            "exchange_points_time": 6.4635913530000835,
            "ghost_points_distcomps": 81523635,
            "ghost_points_time": 4.335287563000065,
            "num_assigned_trees": 625,
            "num_edges": [
                6281198,
                3222764,
                1751920,
                920874,
                649320,
                387126,
                304010,
                193668
            ],
            "num_ghost_points": 8637909,
            "query_times": [
                14.006159716999946,
                11.435417106999921,
                9.006830552000338,
                6.866168536000259,
                5.055015378000007,
                3.592958821999673,
                2.509582193999904,
                1.7665145400001165
            ],
            "rebalance_times": [
                4.110002009838354e-07,
                3.300001480965875e-07,
                3.1099989428184927e-07,
                3.1099989428184927e-07,
                2.3099983081920072e-07,
                6.000027497066185e-08,
                2.310002855665516e-07,
                1.399998836859595e-07
            ],
            "tree_build_distcomps": 1430358450,
            "tree_build_time": 75.4136620920001,
            "voronoi_distcomps": 364750156,
            "voronoi_time": 16.67303234000019
        },
        {
            "distcomps": [
                250132606,
                202177791,
                157841001,
                118646888,
                85877043,
                59959413,
                41136671,
                28648520
            ],
            "exchange_points_time": 6.301151240000081,
            "ghost_points_distcomps": 81424117,
            "ghost_points_time": 4.331685757999821,
            "num_assigned_trees": 625,
            "num_edges": [
                7649325,
                4076139,
                2236401,
                1141945,
                773019,
                423127,
                320021,
                194463
            ],
            "num_ghost_points": 9049821,
            "query_times": [
                15.116534665000017,
                12.333083491999787,
                9.710906174000229,
                7.380658056999891,
                5.384403123000084,
                3.7717845719998877,
                2.5838053229999787,
                1.7831744400000389
            ],
            "rebalance_times": [
                4.90999809699133e-07,
                2.909996510425117e-07,
                1.2100008461857215e-07,
                1.1000020094797947e-07,
                2.8999966161791235e-07,
                1.1000020094797947e-07,
                4.000003173132427e-08,
                7.099970389390364e-08
            ],
            "tree_build_distcomps": 1393073116,
            "tree_build_time": 73.10931174699999,
            "voronoi_distcomps": 364750156,
            "voronoi_time": 16.67296252999995
        },
        {
            "distcomps": [
                301681084,
                243574739,
                189953742,
                142237093,
                102505503,
                71108766,
                48366897,
                33129812
            ],
            "exchange_points_time": 6.438678258999971,
            "ghost_points_distcomps": 83226856,
            "ghost_points_time": 4.424705797000115,
            "num_assigned_trees": 625,
            "num_edges": [
                9889182,
                5248926,
                2927168,
                1519302,
                1035704,
                549752,
                416498,
                246040
            ],
            "num_ghost_points": 9235868,
            "query_times": [
                18.158398871999907,
                14.810312736000014,
                11.630652592999922,
                8.79887247600027,
                6.399007296000036,
                4.469124056000055,
                3.0262922880001497,
                2.048665938999875
            ],
            "rebalance_times": [
                4.200001058052294e-07,
                3.0000137485330924e-08,
                4.000003173132427e-08,
                4.9999925977317616e-08,
                1.4099987311055884e-07,
                6.999971446930431e-08,
                7.00001692166552e-08,
                9.999985195463523e-08
            ],
            "tree_build_distcomps": 1446005941,
            "tree_build_time": 75.970102129,
            "voronoi_distcomps": 364750156,
            "voronoi_time": 16.67300681300003
        },
        {
            "distcomps": [
                265318430,
                214840073,
                168338146,
                127393740,
                93203889,
                66206031,
                46278768,
                32652213
            ],
            "exchange_points_time": 6.6906743439999445,
            "ghost_points_distcomps": 83187382,
            "ghost_points_time": 4.435970896999834,
            "num_assigned_trees": 625,
            "num_edges": [
                5477094,
                2753462,
                1459248,
                738554,
                492150,
                291306,
                219414,
                137946
            ],
            "num_ghost_points": 9497699,
            "query_times": [
                16.023231357000213,
                13.079282276999947,
                10.3468232539999,
                7.903328278999652,
                5.83329787699995,
                4.15565431999994,
                2.8994123800002853,
                2.0223255640003117
            ],
            "rebalance_times": [
                2.100000529026147e-07,
                1.6000012692529708e-07,
                2.1999994714860804e-07,
                2.100000529026147e-07,
                4.7100002120714635e-07,
                2.599999788799323e-07,
                1.2999998943996616e-07,
                5.010001586924773e-07
            ],
            "tree_build_distcomps": 1473083399,